1,Jerrilyn,Paula,jpaulai@unc.edu
2,Jae,Spinello,jspinello1@infoseek.co.jp
3,Luciana,Bangs,lbangs2@4shared.com
4,Rodolfo,Bennie,rbennie3@indiegogo.com
5,Jorge,Bank,jbank4@nasa.gov
6,Welch,Gammel,wgammel5@google.es
7,Jae,Stanney,jstanney6@barnesandnoble.com
8,Phylis,Hinrich,phinrich7@netscape.com
9,Evan,Valens-Smith,evalenssmith8@huffingtonpost.com
10,Bran,Sabate,bsabate9@eventbrite.com
11,Gisella,Hindenburg,ghindenburga@photobucket.com
12,Kalvin,Bunhill,kbunhillb@va.gov
13,Erastus,Dyott,edyottc@imgur.com
14,Pennie,Ducket,pducketd@ucsd.edu
15,Joelynn,Walter,jwaltere@plala.or.jp
16,Fredelia,Proffer,fprofferf@google.nl
17,Hogan,Keen,hkeeng@foxnews.com
18,Vittoria,MacAscaidh,vmacascaidhh@w3.org
19,Hiram,Klousner,hklousneri@deviantart.com
20,Betteanne,Kentish,bkentishj@com.com
21,Anders,Robiot,arobiotk@umich.edu
22,Marieann,Mindenhall,mmindenhalll@soundcloud.com
23,Kristan,Le Fevre,klefevrem@squarespace.com
24,Wilburt,Twinbourne,wtwinbournen@wikimedia.org
25,Lorry,Stolte,lstolteo@amazon.co.jp
26,Luelle,Franke,lfrankep@webs.com
27,Guinevere,Hickeringill,ghickeringillq@businesswire.com
28,Grace,Yarnold,gyarnoldr@cafepress.com
29,Maxie,Parnaby,mparnabys@quantcast.com
30,Donny,Cours,dcourst@elpais.com
31,Anya,MacMaster,amacmasteru@baidu.com
32,Linea,Goodanew,lgoodanewv@theglobeandmail.com
33,Kimmy,Legier,klegierw@google.co.uk
34,Leandra,Iddison,liddisonx@live.com
35,Benji,Kemball,bkembally@upenn.edu
36,Sherwood,Libri,slibriz@state.gov
37,Wenonah,Flanne,wflanne10@kickstarter.com
38,Dolley,Pyson,dpyson11@kickstarter.com
39,Neel,Worsfield,nworsfield12@businessweek.com
40,Danella,O'Hoolahan,dohoolahan13@intel.com
41,Dare,Woodland,dwoodland14@imdb.com
42,Aloin,Schole,aschole15@seattletimes.com
43,Sarena,Mountfort,smountfort16@nih.gov
44,Arnuad,How,ahow17@cloudflare.com
45,Thurstan,Greatbanks,tgreatbanks18@uiuc.edu
46,Marillin,Gaudin,mgaudin19@studiopress.com
47,Adele,Pinsent,apinsent1a@forbes.com
48,Bernarr,Noni,bnoni1b@yolasite.com
49,Oby,Zelley,ozelley1c@illinois.edu
50,Hobey,Mealiffe,hmealiffe1d@reference.com
51,Roselin,Milhench,rmilhench1e@washingtonpost.com
52,Parry,Balaison,pbalaison1f@bandcamp.com
53,Vin,Avramovsky,vavramovsky1g@moonfruit.com
54,Trstram,Iwanczyk,tiwanczyk1h@spotify.com
55,Arvin,Bront,abront1i@ameblo.jp
56,Shanie,Bretelle,sbretelle1j@scribd.com
57,Bastien,Rattenbury,brattenbury1k@guardian.co.uk
58,Sayer,Elgar,selgar1l@altervista.org
59,Penny,Hutcheon,phutcheon1m@usda.gov
60,Issie,Folli,ifolli1n@cbc.ca
61,Tanny,Billborough,tbillborough1o@deviantart.com
62,Neda,Whitemarsh,nwhitemarsh1p@e-recht24.de
63,Mozelle,Cottisford,mcottisford1q@trellian.com
64,Hermia,Legges,hlegges1r@gmpg.org
65,Ynez,Spiteri,yspiteri1s@jigsy.com
66,Pedro,Hrihorovich,phrihorovich1t@arizona.edu
67,Tish,Fouch,tfouch1u@blogs.com
68,Ruby,Tustin,rtustin1v@abc.net.au
69,Veradis,Keay,vkeay1w@time.com
70,Tallie,Brightie,tbrightie1x@elpais.com
71,Mohandis,Skelcher,mskelcher1y@java.com
72,Cele,Sandlin,csandlin1z@desdev.cn
73,Leilah,Camsey,lcamsey20@i2i.jp
74,Margalit,Huske,mhuske21@unesco.org
75,Stanford,Copas,scopas22@oaic.gov.au
76,Korrie,Clewlow,kclewlow23@alibaba.com
77,Fields,Cicerone,fcicerone24@yellowpages.com
78,Veronica,Kinner,vkinner25@merriam-webster.com
79,Laurie,Blackwood,lblackwood26@about.me
80,Nolly,Crackett,ncrackett27@ameblo.jp
81,Jordon,Benner,jbenner28@independent.co.uk
82,Devlin,Myton,dmyton29@nytimes.com
83,Willamina,Malley,wmalley2a@bluehost.com
84,Bevon,Beiderbecke,bbeiderbecke2b@seattletimes.com
85,Tabatha,Osgordby,tosgordby2c@techcrunch.com
86,Fawn,Kibbey,fkibbey2d@columbia.edu
87,Bryna,Ackrill,backrill2e@cargocollective.com
88,Franciskus,Weatherall,fweatherall2f@bigcartel.com
89,Katalin,Shovelin,kshovelin2g@imdb.com
90,Arlinda,Pulbrook,apulbrook2h@sciencedaily.com
91,Myrlene,Marnes,mmarnes2i@instagram.com
92,Guglielmo,Markovich,gmarkovich2j@prweb.com
93,Page,Henbury,phenbury2k@washingtonpost.com
94,Shayla,Ochterlony,sochterlony2l@hp.com
95,Jammie,Slad,jslad2m@acquirethisname.com
96,Bernadette,Henrion,bhenrion2n@baidu.com
97,Llewellyn,MacHarg,lmacharg2o@columbia.edu
98,Tiler,Scriver,tscriver2p@eventbrite.com
99,Evyn,Henrys,ehenrys2q@quantcast.com
100,Ulrikaumeko,Champkins,uchampkins2r@tripod.com
101,Aaren,Easseby,aeasseby2s@4shared.com
102,Monique,Lardeux,mlardeux2t@live.com
103,Currie,McComas,cmccomas2u@un.org
104,Hermy,Spottiswoode,hspottiswoode2v@smh.com.au
105,Mavis,Dincke,mdincke2w@irs.gov
106,Porter,Philippet,pphilippet2x@artisteer.com
107,Tynan,McGreay,tmcgreay2y@etsy.com
108,Miriam,Baff,mbaff2z@geocities.jp
109,Guinna,Joincey,gjoincey30@blogger.com
110,Archambault,Ganter,aganter31@cdc.gov
111,Vanda,Mountford,vmountford32@wikia.com
112,Minerva,Nicely,mnicely33@youku.com
113,Harriet,Bacher,hbacher34@t-online.de
114,Ivar,Mayow,imayow35@tuttocitta.it
115,Davide,Triebner,dtriebner36@gravatar.com
116,Gerik,Mellows,gmellows37@technorati.com
117,Jude,Gogerty,jgogerty38@timesonline.co.uk
118,Kiah,Rathbone,krathbone39@youtu.be
119,Caroljean,Ashburne,cashburne3a@fotki.com
120,Trina,Hasty,thasty3b@wsj.com
121,Clare,Frushard,cfrushard3c@edublogs.org
122,Galvin,Syplus,gsyplus3d@amazon.co.uk
123,Gilda,Mathews,gmathews3e@godaddy.com
124,Mattias,Liddell,mliddell3f@oaic.gov.au
125,Shay,Keal,skeal3g@ucoz.com
126,Anton,Bubeer,abubeer3h@123-reg.co.uk
127,Jan,Pickerin,jpickerin3i@china.com.cn
128,Loni,Blayney,lblayney3j@noaa.gov
129,Vitoria,Mathelin,vmathelin3k@gnu.org
130,Fletch,Londer,flonder3l@exblog.jp
131,Ewart,Deshorts,edeshorts3m@wiley.com
132,Gisele,Flahy,gflahy3n@hibu.com
133,Elyn,Clemerson,eclemerson3o@usnews.com
134,Fredrika,Bett,fbett3p@harvard.edu
135,Kaila,Biddleston,kbiddleston3q@archive.org
136,Dione,Branson,dbranson3r@bloomberg.com
137,Chan,Leonard,cleonard3s@epa.gov
138,Melvin,Lethley,mlethley3t@irs.gov
139,Genevieve,Bithany,gbithany3u@theguardian.com
140,Marlyn,Bolin,mbolin3v@sciencedirect.com
141,Erich,Baddam,ebaddam3w@plala.or.jp
142,Wakefield,Leirmonth,wleirmonth3x@163.com
143,Lib,Taye,ltaye3y@princeton.edu
144,Pooh,MacPherson,pmacpherson3z@cargocollective.com
145,Norah,Tottman,ntottman40@sun.com
146,Grete,Bawdon,gbawdon41@sogou.com
147,Jory,Stenet,jstenet42@printfriendly.com
148,Silvie,Van Dijk,svandijk43@dailymotion.com
149,Berti,Vanini,bvanini44@opera.com
150,Dyna,Courvert,dcourvert45@guardian.co.uk
151,Pattin,Molyneaux,pmolyneaux46@diigo.com
152,Denys,Butterly,dbutterly47@biblegateway.com
153,Winn,Skerm,wskerm48@amazon.co.jp
154,Terrie,Furney,tfurney49@aol.com
155,Sky,O'Kane,sokane4a@opera.com
156,Donella,Berndtssen,dberndtssen4b@elegantthemes.com
157,Rozina,O'Flaherty,roflaherty4c@engadget.com
158,Felipe,Moulden,fmoulden4d@boston.com
159,Lyell,MacKeever,lmackeever4e@adobe.com
160,Carlyle,Jedrys,cjedrys4f@w3.org
161,Patton,Sone,psone4g@merriam-webster.com
162,Nert,Benedict,nbenedict4h@people.com.cn
163,Martina,Napper,mnapper4i@shutterfly.com
164,Carleton,Cellier,ccellier4j@mapy.cz
165,Penn,Blanque,pblanque4k@zdnet.com
166,Wynnie,Cooke,wcooke4l@wufoo.com
167,Sandye,Beatty,sbeatty4m@people.com.cn
168,Wang,Cammacke,wcammacke4n@google.com
169,Hayden,Debrett,hdebrett4o@acquirethisname.com
170,Christos,Infante,cinfante4p@sourceforge.net
171,Aryn,Deeks,adeeks4q@yandex.ru
172,Emlyn,Ivushkin,eivushkin4r@fema.gov
173,Pat,Semark,psemark4s@sciencedaily.com
174,Rochester,Kleinschmidt,rkleinschmidt4t@latimes.com
175,Donelle,Courtin,dcourtin4u@spotify.com
176,Fleurette,Wonham,fwonham4v@economist.com
177,Tedra,Bente,tbente4w@mail.ru
178,Maryrose,Hinkley,mhinkley4x@loc.gov
179,Atlanta,Abbet,aabbet4y@ameblo.jp
180,Candy,Notti,cnotti4z@army.mil
181,Sonya,Summerlee,ssummerlee50@foxnews.com
182,Averil,Durgan,adurgan51@time.com
183,Dasie,Dobrowolski,ddobrowolski52@harvard.edu
184,Marney,Semeniuk,msemeniuk53@hatena.ne.jp
185,Quinton,Curuclis,qcuruclis54@barnesandnoble.com
186,Husain,Ebden,hebden55@theglobeandmail.com
187,Winni,Jendrach,wjendrach56@com.com
188,Wain,Pattesall,wpattesall57@google.es
189,Harrison,Lisciardelli,hlisciardelli58@tripadvisor.com
190,Timothee,Nottram,tnottram59@ocn.ne.jp
191,Kerrie,Tanslie,ktanslie5a@irs.gov
192,Sergei,Madine,smadine5b@chicagotribune.com
193,Merwin,Rubin,mrubin5c@miitbeian.gov.cn
194,Katya,Shewsmith,kshewsmith5d@mysql.com
195,Benedetto,Ilyinykh,bilyinykh5e@redcross.org
196,Leonore,Scollick,lscollick5f@adobe.com
197,Zechariah,Coldicott,zcoldicott5g@spotify.com
198,Aleksandr,Kieran,akieran5h@umich.edu
199,Celestyna,Corradetti,ccorradetti5i@cam.ac.uk
200,Helene,Cool,hcool5j@nhs.uk
201,Rooney,Mosley,rmosley5k@bandcamp.com
202,Cordell,Yewdall,cyewdall5l@hibu.com
203,Erna,Farnish,efarnish5m@csmonitor.com
204,Claretta,Rahl,crahl5n@auda.org.au
205,Boyce,Boggas,bboggas5o@samsung.com
206,Prisca,Egleton,pegleton5p@adobe.com
207,Faustine,Coton,fcoton5q@army.mil
208,Yoshiko,Willimot,ywillimot5r@disqus.com
209,Chiarra,Jakubovicz,cjakubovicz5s@webmd.com
210,Gilly,Bohlens,gbohlens5t@blogtalkradio.com
211,Edin,Rotlauf,erotlauf5u@xrea.com
212,Noll,Cowen,ncowen5v@jalbum.net
213,Hedwig,Gagan,hgagan5w@reference.com
214,Lura,Blundin,lblundin5x@w3.org
215,Forester,Voase,fvoase5y@youtube.com
216,Maddie,Lintott,mlintott5z@e-recht24.de
217,Dickie,Jemmett,djemmett60@earthlink.net
218,Madelyn,Achrameev,machrameev61@paypal.com
219,Emilee,Densham,edensham62@sbwire.com
220,Ardelis,Kemwall,akemwall63@rakuten.co.jp
221,Laurene,Flamank,lflamank64@patch.com
222,Adel,Janout,ajanout65@simplemachines.org
223,Jillayne,Maren,jmaren66@phoca.cz
224,Irving,Guerola,iguerola67@merriam-webster.com
225,Brandea,Eby,beby68@youku.com
226,Valera,Prime,vprime69@storify.com
227,Saba,Pickersail,spickersail6a@360.cn
228,Whit,Orrom,worrom6b@amazon.de
229,Salvidor,Hodgets,shodgets6c@cnet.com
230,Carlin,O'Cridigan,cocridigan6d@biblegateway.com
231,Hector,Dyers,hdyers6e@slate.com
232,Nicoli,Finlason,nfinlason6f@ibm.com
233,Gert,Conradsen,gconradsen6g@csmonitor.com
234,Annette,Pettiward,apettiward6h@paypal.com
235,Brannon,Ajam,bajam6i@uiuc.edu
236,Leesa,Borwick,lborwick6j@taobao.com
237,Dorita,Sivess,dsivess6k@usnews.com
238,Sari,Carrodus,scarrodus6l@newyorker.com
239,Simone,Godspede,sgodspede6m@pinterest.com
240,Bartholomeo,Feares,bfeares6n@ca.gov
241,Yance,Hiscoe,yhiscoe6o@cdbaby.com
242,Elvyn,Rieger,erieger6p@archive.org
243,Roana,Ridgedell,rridgedell6q@hc360.com
244,Rozele,Arents,rarents6r@nationalgeographic.com
245,Ernst,Flores,eflores6s@dot.gov
246,Ramonda,Michie,rmichie6t@nymag.com
247,Walther,Maudlin,wmaudlin6u@cornell.edu
248,Bev,Daintree,bdaintree6v@4shared.com
249,Saree,Zwicker,szwicker6w@uiuc.edu
250,Toddie,Saill,tsaill6x@walmart.com
251,Madelin,Hindmoor,mhindmoor6y@spiegel.de
252,Pablo,Neles,pneles6z@ucla.edu
253,Avictor,Bwye,abwye70@friendfeed.com
254,Egor,Real,ereal71@google.es
255,Gelya,Crop,gcrop72@tmall.com
256,Ricardo,Cummins,rcummins73@scribd.com
257,Thaddeus,Critcher,tcritcher74@istockphoto.com
258,Ellene,Jinks,ejinks75@sfgate.com
259,Zack,Skivington,zskivington76@posterous.com
260,Livvy,Kettlestring,lkettlestring77@exblog.jp
261,Dorian,Guierre,dguierre78@sphinn.com
262,Siobhan,Plaide,splaide79@com.com
263,Norine,Todaro,ntodaro7a@nifty.com
264,Kimberlee,Attwood,kattwood7b@newsvine.com
265,Lynn,Habershaw,lhabershaw7c@cmu.edu
266,Malanie,Coundley,mcoundley7d@china.com.cn
267,Caroljean,Pereira,cpereira7e@gnu.org
268,Eunice,Smewin,esmewin7f@ed.gov
269,Rickard,Deverick,rdeverick7g@mapy.cz
270,Amandi,Robatham,arobatham7h@smugmug.com
271,Alli,Westmancoat,awestmancoat7i@people.com.cn
272,Kathrine,MattiCCI,kmatticci7j@columbia.edu
273,Astra,Eveque,aeveque7k@irs.gov
274,Romeo,Shillabeare,rshillabeare7l@seesaa.net
275,Thekla,Lyfield,tlyfield7m@hubpages.com
276,Chantalle,Binns,cbinns7n@shutterfly.com
277,Gwyneth,Gohn,ggohn7o@purevolume.com
278,Ailbert,Gronous,agronous7p@jimdo.com
279,Alex,Pegler,apegler7q@sciencedaily.com
280,Alejandrina,Eberst,aeberst7r@squidoo.com
281,Anica,Dumphry,adumphry7s@soup.io
282,Robb,Ilson,rilson7t@squarespace.com
283,Harman,Stephenson,hstephenson7u@newsvine.com
284,Vergil,Vinnicombe,vvinnicombe7v@clickbank.net
285,Shelbi,Durante,sdurante7w@yahoo.com
286,Conney,Tutchings,ctutchings7x@lycos.com
287,Mitchael,Huxstep,mhuxstep7y@answers.com
288,Shell,Wigan,swigan7z@theatlantic.com
289,Pru,Sloan,psloan80@senate.gov
290,Rosemaria,Tiery,rtiery81@time.com
291,Gwendolyn,Belding,gbelding82@cornell.edu
292,Everett,Gouge,egouge83@deviantart.com
293,Anitra,Crother,acrother84@sogou.com
294,Carlen,Fridlington,cfridlington85@elegantthemes.com
295,Birgitta,Bennike,bbennike86@networkadvertising.org
296,Biddie,Spracklin,bspracklin87@nps.gov
297,Robbert,Martellini,rmartellini88@wiley.com
298,Giovanni,Douthwaite,gdouthwaite89@about.com
299,Donnell,Sweett,dsweett8a@prnewswire.com
300,Justinian,Swafield,jswafield8b@prweb.com
301,Mortimer,Braitling,mbraitling8c@columbia.edu
302,Barbee,Farr,bfarr8d@behance.net
303,Ethan,Navarijo,enavarijo8e@un.org
304,Erinn,Malam,emalam8f@goo.ne.jp
305,Midge,Ace,mace8g@yellowpages.com
306,Kitti,Keyden,kkeyden8h@nymag.com
307,Alexine,Peachment,apeachment8i@php.net
308,Philomena,Lindl,plindl8j@about.me
309,Annaliese,Weth,aweth8k@ow.ly
310,Bobby,Jago,bjago8l@economist.com
311,Melesa,Josowitz,mjosowitz8m@google.com
312,Claudianus,Yurasov,cyurasov8n@netscape.com
313,Ham,Tomczak,htomczak8o@odnoklassniki.ru
314,Cyndy,Garforth,cgarforth8p@dyndns.org
315,Napoleon,Mennithorp,nmennithorp8q@wikia.com
316,Ange,Degli Abbati,adegliabbati8r@seesaa.net
317,D'arcy,Nesfield,dnesfield8s@aol.com
318,Shalne,Duggen,sduggen8t@printfriendly.com
319,Iorgos,Bloss,ibloss8u@senate.gov
320,Audra,Emett,aemett8v@walmart.com
321,Kellie,Roistone,kroistone8w@weebly.com
322,Al,Thay,athay8x@a8.net
323,Lainey,MacAllaster,lmacallaster8y@issuu.com
324,Margareta,Brokenshire,mbrokenshire8z@ucla.edu
325,Cristie,Hunstone,chunstone90@hud.gov
326,Sheri,Tocqueville,stocqueville91@indiegogo.com
327,Phyllida,Wattisham,pwattisham92@de.vu
328,Casar,Jose,cjose93@bravesites.com
329,Wilbert,Robbie,wrobbie94@nasa.gov
330,Samaria,Tranter,stranter95@nationalgeographic.com
331,Karel,Lombardo,klombardo96@rambler.ru
332,Ashla,Ishchenko,aishchenko97@java.com
333,Duffie,Della Scala,ddellascala98@timesonline.co.uk
334,Evie,Beggin,ebeggin99@clickbank.net
335,Rebecca,Darbishire,rdarbishire9a@e-recht24.de
336,Alidia,Masden,amasden9b@google.pl
337,Blondie,Palser,bpalser9c@ebay.com
338,Bradan,Orrobin,borrobin9d@slate.com
339,Tiffy,Langelay,tlangelay9e@shareasale.com
340,Donalt,Sexti,dsexti9f@google.com
341,Thelma,Michurin,tmichurin9g@craigslist.org
342,Reggy,Inett,rinett9h@ameblo.jp
343,Karine,Gowanlock,kgowanlock9i@youtube.com
344,Yurik,Dobson,ydobson9j@paypal.com
345,Frank,Henriquet,fhenriquet9k@multiply.com
346,Shep,Kelcher,skelcher9l@wikipedia.org
347,Myca,Mathevet,mmathevet9m@myspace.com
348,Jacquetta,Kissell,jkissell9n@linkedin.com
349,Ahmed,Yurchishin,ayurchishin9o@bizjournals.com
350,Jade,Stanborough,jstanborough9p@dagondesign.com
351,Morris,Sammut,msammut9q@google.de
352,Catherine,Boyson,cboyson9r@desdev.cn
353,Brenna,Cranstoun,bcranstoun9s@bigcartel.com
354,Kenneth,Humbell,khumbell9t@sun.com
355,Grady,Gavahan,ggavahan9u@comsenz.com
356,Jonis,Habble,jhabble9v@vinaora.com
357,Tina,Skotcher,tskotcher9w@mlb.com
358,Waldo,Janousek,wjanousek9x@yahoo.com
359,Cecile,Irnis,cirnis9y@tamu.edu
360,Mildrid,Kopmann,mkopmann9z@va.gov
361,Kori,Setch,ksetcha0@bloglines.com
362,Chrysler,Andric,candrica1@yahoo.co.jp
363,Daffie,Medwell,dmedwella2@sohu.com
364,Ernie,Morley,emorleya3@java.com
365,Karla,Fairbrother,kfairbrothera4@cbc.ca
366,Leonora,Bernardes,lbernardesa5@acquirethisname.com
367,Tarah,Witton,twittona6@amazon.co.jp
368,Netti,McMakin,nmcmakina7@fotki.com
369,Corbet,Phillcox,cphillcoxa8@blogtalkradio.com
370,Krystalle,Tetsall,ktetsalla9@earthlink.net
371,Jill,Eades,jeadesaa@mac.com
372,Merrily,Jozwik,mjozwikab@nyu.edu
373,Law,McGuff,lmcguffac@rambler.ru
374,Datha,O'Doherty,dodohertyad@1und1.de
375,Portia,MacGillivrie,pmacgillivrieae@shutterfly.com
376,Corie,Dobson,cdobsonaf@yale.edu
377,Barbette,Deller,bdellerag@cbc.ca
378,Melodie,Codeman,mcodemanah@behance.net
379,Dugald,Malshinger,dmalshingerai@quantcast.com
380,Kean,Navaro,knavaroaj@feedburner.com
381,Rosalia,Summons,rsummonsak@cyberchimps.com
382,Andrej,Rickasse,arickasseal@soundcloud.com
383,Aguie,Giblett,agiblettam@reddit.com
384,Dell,Cuskery,dcuskeryan@mtv.com
385,Luis,Heatley,lheatleyao@blogs.com
386,Egan,Goldman,egoldmanap@marketwatch.com
387,Orella,Sinderson,osindersonaq@miitbeian.gov.cn
388,Heriberto,Aylesbury,haylesburyar@mtv.com
389,Susie,O'Feeny,sofeenyas@nationalgeographic.com
390,Lena,Dumbleton,ldumbletonat@comcast.net
391,Hortensia,Booley,hbooleyau@businessinsider.com
392,Feliza,Tolhurst,ftolhurstav@addthis.com
393,Ulberto,Grimsdell,ugrimsdellaw@skyrock.com
394,Georgena,Stebles,gsteblesax@eventbrite.com
395,Annabell,Shrawley,ashrawleyay@reverbnation.com
396,Garrett,Stoeck,gstoeckaz@ucoz.ru
397,Adolph,O'Heneghan,aoheneghanb0@merriam-webster.com
398,Ransom,McConnachie,rmcconnachieb1@hugedomains.com
399,Daria,Loyley,dloyleyb2@cafepress.com
400,Bond,Geaveny,bgeavenyb3@discovery.com
401,Rorke,Robart,rrobartb4@fda.gov
402,Kerry,Martino,kmartinob5@dell.com
403,Shannah,Jerrans,sjerransb6@reference.com
404,Bearnard,Choffin,bchoffinb7@nyu.edu
405,Amitie,Cudbird,acudbirdb8@domainmarket.com
406,Waring,Ayliffe,wayliffeb9@goo.ne.jp
407,Elsi,Dury,eduryba@house.gov
408,Desi,Clemanceau,dclemanceaubb@domainmarket.com
409,Selina,MacGiolla,smacgiollabc@furl.net
410,Babb,Churchin,bchurchinbd@un.org
411,Tonye,Oslar,toslarbe@creativecommons.org
412,Jacquelin,Lillecrap,jlillecrapbf@wisc.edu
413,Cirillo,Burstowe,cburstowebg@fastcompany.com
414,Fredericka,D'Antoni,fdantonibh@fda.gov
415,Corbett,Pedrozzi,cpedrozzibi@google.com.au
416,Sheree,Bithany,sbithanybj@spotify.com
417,Mitchell,Rappport,mrappportbk@list-manage.com
418,Elwyn,Reams,ereamsbl@163.com
419,Miguela,Scriver,mscriverbm@virginia.edu
420,Dennie,Boost,dboostbn@adobe.com
421,Diane-marie,Scemp,dscempbo@newyorker.com
422,Amelia,Churching,achurchingbp@51.la
423,Rebeka,Linthead,rlintheadbq@ucoz.ru
424,Colene,Dalman,cdalmanbr@nifty.com
425,Madonna,Turbat,mturbatbs@about.me
426,Christin,Sydney,csydneybt@blogger.com
427,Jamil,Randales,jrandalesbu@salon.com
428,Calla,Corneljes,ccorneljesbv@slate.com
429,Chadwick,Moles,cmolesbw@fastcompany.com
430,Bobette,Chrystie,bchrystiebx@usgs.gov
431,Tann,Lightwing,tlightwingby@earthlink.net
432,Blondy,Zoanetti,bzoanettibz@fotki.com
433,Bee,Thring,bthringc0@vkontakte.ru
434,Fae,Chatainier,fchatainierc1@mashable.com
435,Roosevelt,Allabarton,rallabartonc2@skype.com
436,Orren,Van de Velde,ovandeveldec3@opensource.org
437,Mirna,Balaam,mbalaamc4@deliciousdays.com
438,Cristi,Sagrott,csagrottc5@tumblr.com
439,Julius,Baser,jbaserc6@indiegogo.com
440,Rollins,Mullen,rmullenc7@qq.com
441,Cyrillus,Abele,cabelec8@shutterfly.com
442,Sven,Millgate,smillgatec9@prweb.com
443,Vick,Londing,vlondingca@seesaa.net
444,Meaghan,Yannoni,myannonicb@alibaba.com
445,Flory,Botten,fbottencc@globo.com
446,Harman,Ellyatt,hellyattcd@ask.com
447,Rodie,Antat,rantatce@patch.com
448,Sofia,Loble,sloblecf@dot.gov
449,Drud,Shayler,dshaylercg@oaic.gov.au
450,Wylie,Caldera,wcalderach@chronoengine.com
451,Alvin,Meugens,ameugensci@eventbrite.com
452,Rudolf,O'Dowd,rodowdcj@nih.gov
453,Tull,Pigram,tpigramck@twitter.com
454,Cull,Rubinowitsch,crubinowitschcl@loc.gov
455,Felisha,Leggett,fleggettcm@yellowbook.com
456,Ashley,Klimushev,aklimushevcn@goo.ne.jp
457,Anny,Jennrich,ajennrichco@gnu.org
458,Andi,Ginity,aginitycp@360.cn
459,Lynnell,Pollen,lpollencq@hud.gov
460,Eulalie,Lilleman,elillemancr@pcworld.com
461,Virgilio,Squibe,vsquibecs@msu.edu
462,Dulcia,McAuslan,dmcauslanct@sogou.com
463,Clayton,Lilie,cliliecu@symantec.com
464,Storm,Grelak,sgrelakcv@t-online.de
465,Bradley,Romayn,bromayncw@scientificamerican.com
466,Ashlin,Leverson,aleversoncx@who.int
467,Neille,Budden,nbuddency@privacy.gov.au
468,Tanney,Sarjant,tsarjantcz@oakley.com
469,Beth,Skillman,bskillmand0@techcrunch.com
470,Robb,Inns,rinnsd1@wiley.com
471,Vicky,Bratcher,vbratcherd2@discovery.com
472,Symon,Gypps,sgyppsd3@wiley.com
473,Terri,Wear,tweard4@nih.gov
474,Beatrisa,Wardingly,bwardinglyd5@uiuc.edu
475,Esma,Jagg,ejaggd6@nps.gov
476,Gearard,Bonnefin,gbonnefind7@over-blog.com
477,Dorothee,Laidel,dlaideld8@goo.gl
478,Megen,Staten,mstatend9@businessinsider.com
479,Rollo,Cobbe,rcobbeda@pcworld.com
480,Carmencita,MacAllan,cmacallandb@tuttocitta.it
481,Martelle,Wollaston,mwollastondc@51.la
482,Nydia,Aidler,naidlerdd@phpbb.com
483,Janetta,Arunowicz,jarunowiczde@huffingtonpost.com
484,Itch,Dirkin,idirkindf@1688.com
485,Toni,Thinn,tthinndg@zimbio.com
486,Cicely,Gornar,cgornardh@cnbc.com
487,Caresa,Salla,csalladi@walmart.com
488,Kelley,Bohin,kbohindj@cdbaby.com
489,Phelia,Giffkins,pgiffkinsdk@nydailynews.com
490,Grannie,Roddam,groddamdl@bravesites.com
491,Robinia,Wootton,rwoottondm@army.mil
492,Lura,Gummow,lgummowdn@reddit.com
493,Velma,Garrould,vgarroulddo@aboutads.info
494,Tedie,McEwen,tmcewendp@wunderground.com
495,Berky,Boar,bboardq@thetimes.co.uk
496,Ferdinanda,Steinham,fsteinhamdr@cnn.com
497,Zora,Foystone,zfoystoneds@squarespace.com
498,Cinda,Collard,ccollarddt@wunderground.com
499,Ivette,Mabon,imabondu@spiegel.de
500,Stefania,Cello,scellodv@wikipedia.org
501,Sherman,Monnoyer,smonnoyerdw@accuweather.com
502,Curt,Sewill,csewilldx@sogou.com
503,Bess,Bacop,bbacopdy@reverbnation.com
504,Letisha,Warton,lwartondz@netlog.com
505,Sheffield,Extill,sextille0@creativecommons.org
506,Sharon,Eglaise,seglaisee1@joomla.org
507,Gordon,Hunston,ghunstone2@instagram.com
508,Hadrian,Leyzell,hleyzelle3@ycombinator.com
509,Stephan,Sample,ssamplee4@canalblog.com
510,Tymothy,Fidge,tfidgee5@issuu.com
511,Benedikt,Rubinowitch,brubinowitche6@desdev.cn
512,Phillie,Ratledge,pratledgee7@washingtonpost.com
513,Linus,Caddy,lcaddye8@cnet.com
514,Jamie,Prestwich,jprestwiche9@seattletimes.com
515,Tabitha,Rumke,trumkeea@wp.com
516,Aurilia,Matzkaitis,amatzkaitiseb@flickr.com
517,Ferdy,Treat,ftreatec@springer.com
518,Doug,Aujean,daujeaned@sbwire.com
519,Gus,Greenwood,ggreenwoodee@sphinn.com
520,Bucky,Tezure,btezureef@simplemachines.org
521,Jareb,Wanderschek,jwanderschekeg@dmoz.org
522,Lorri,Goves,lgoveseh@xing.com
523,Townsend,Kittley,tkittleyei@baidu.com
524,Brnaby,Gillespie,bgillespieej@toplist.cz
525,Marv,Hellwing,mhellwingek@ebay.com
526,Lyn,Jorat,ljoratel@cafepress.com
527,Brad,Zorn,bzornem@devhub.com
528,Harvey,Scarrisbrick,hscarrisbricken@theguardian.com
529,Aaren,Ghidelli,aghidellieo@nyu.edu
530,Claudell,Morit,cmoritep@bluehost.com
531,Norina,Caldayrou,ncaldayroueq@gravatar.com
532,Sylas,Hobbert,shobberter@rakuten.co.jp
533,Janene,Algar,jalgares@princeton.edu
534,Davey,Stones,dstoneset@163.com
535,Arliene,Colliford,acollifordeu@vistaprint.com
536,Felizio,Thackham,fthackhamev@ft.com
537,Petey,Fuentez,pfuentezew@skyrock.com
538,Emelyne,Crosswaite,ecrosswaiteex@sfgate.com
539,Marve,Partridge,mpartridgeey@rambler.ru
540,Min,Brockhurst,mbrockhurstez@adobe.com
541,Ferne,Newlin,fnewlinf0@europa.eu
542,Raynor,Coulthart,rcoulthartf1@engadget.com
543,Ulysses,Leonardi,uleonardif2@deliciousdays.com
544,Brenden,Covotto,bcovottof3@guardian.co.uk
545,Georgy,Lazenby,glazenbyf4@nature.com
546,Darwin,Rochewell,drochewellf5@pinterest.com
547,Paloma,Reville,previllef6@linkedin.com
548,Kirsteni,Dabinett,kdabinettf7@usgs.gov
549,Trudey,Skyrme,tskyrmef8@illinois.edu
550,Edlin,Mealiffe,emealiffef9@instagram.com
551,Susana,Bediss,sbedissfa@360.cn
552,Reena,Booy,rbooyfb@ftc.gov
553,Gunner,Stickells,gstickellsfc@acquirethisname.com
554,Nicolea,McCarver,nmccarverfd@meetup.com
555,Ozzy,Dunsire,odunsirefe@paginegialle.it
556,Leonerd,Colliver,lcolliverff@g.co
557,Lauren,Filippello,lfilippellofg@irs.gov
558,Peri,Szymanski,pszymanskifh@issuu.com
559,Elsa,Giscken,egisckenfi@deviantart.com
560,Myer,Cannan,mcannanfj@1und1.de
561,Carlie,Grolmann,cgrolmannfk@google.ru
562,Rosana,Lightbowne,rlightbownefl@soup.io
563,Moira,Hitschke,mhitschkefm@timesonline.co.uk
564,Roderic,Broomhead,rbroomheadfn@mayoclinic.com
565,Tanitansy,Lambert,tlambertfo@ucsd.edu
566,Annaliese,Lossman,alossmanfp@cnbc.com
567,Christoper,Ondra,condrafq@slashdot.org
568,Ryan,Hovington,rhovingtonfr@bloomberg.com
569,Amber,Ivanichev,aivanichevfs@china.com.cn
570,Violet,Stratton,vstrattonft@zdnet.com
571,Ashla,Giacomuzzo,agiacomuzzofu@t-online.de
572,Issiah,Orta,iortafv@timesonline.co.uk
573,Ransom,Shellsheere,rshellsheerefw@fastcompany.com
574,Carmella,Garnsey,cgarnseyfx@ezinearticles.com
575,Lenora,Jamieson,ljamiesonfy@economist.com
576,Susanna,Cornford,scornfordfz@ted.com
577,Barris,Doret,bdoretg0@pen.io
578,Teodora,Chisholm,tchisholmg1@google.com
579,Prince,Heistermann,pheistermanng2@senate.gov
580,Minna,Epp,meppg3@washington.edu
581,Evangelia,De'Vere - Hunt,edeverehuntg4@example.com
582,Drona,Friberg,dfribergg5@microsoft.com
583,Yuma,Ferrario,yferrariog6@dagondesign.com
584,Hildy,Sjostrom,hsjostromg7@uol.com.br
585,Winonah,Gentsch,wgentschg8@adobe.com
586,Alfons,Paterno,apaternog9@comcast.net
587,Estell,Dunguy,edunguyga@ehow.com
588,Marty,Sallowaye,msallowayegb@unicef.org
589,Veronique,Attenbrow,vattenbrowgc@sciencedirect.com
590,Austine,Davidzon,adavidzongd@harvard.edu
591,Cull,Purdom,cpurdomge@opensource.org
592,Putnem,Sanford,psanfordgf@indiegogo.com
593,Jerrie,O'Beirne,jobeirnegg@sun.com
594,Jaine,D'Ambrogi,jdambrogigh@elpais.com
595,Jonathan,Yakovich,jyakovichgi@dailymail.co.uk
596,Sophi,Escalera,sescaleragj@wikipedia.org
597,Olympie,Pottberry,opottberrygk@redcross.org
598,Corinne,Dell Casa,cdellcasagl@hhs.gov
599,Gaston,Blaydon,gblaydongm@huffingtonpost.com
600,Oralia,Spiby,ospibygn@51.la
601,Didi,Gannan,dgannango@shop-pro.jp
602,Amalita,Nott,anottgp@hugedomains.com
603,Barnabe,Hunnicot,bhunnicotgq@tmall.com
604,Marcus,Reveland,mrevelandgr@csmonitor.com
605,Dorian,Shutt,dshuttgs@plala.or.jp
606,Jehu,Copp,jcoppgt@nymag.com
607,Nevil,Gumey,ngumeygu@bravesites.com
608,Jessamyn,Edmons,jedmonsgv@hp.com
609,Lissi,Pooke,lpookegw@google.nl
610,Chiquia,Gasgarth,cgasgarthgx@sbwire.com
611,Benjie,Thorpe,bthorpegy@omniture.com
612,Gregoor,MacAirt,gmacairtgz@cornell.edu
613,Merlina,Bielfelt,mbielfelth0@hugedomains.com
614,Julissa,Devita,jdevitah1@omniture.com
615,Gwenora,Aingel,gaingelh2@pen.io
616,Reese,Semrad,rsemradh3@friendfeed.com
617,Ingar,Devereux,idevereuxh4@multiply.com
618,Olia,Druery,odrueryh5@usa.gov
619,Penny,Mielnik,pmielnikh6@salon.com
620,Arthur,Ghidetti,aghidettih7@github.com
621,Amory,Linnell,alinnellh8@wordpress.org
622,Wheeler,Aujean,waujeanh9@yellowbook.com
623,Minor,Licari,mlicariha@statcounter.com
624,Eddie,Aime,eaimehb@dagondesign.com
625,Tracy,Jaye,tjayehc@eventbrite.com
626,Dougie,Reames,dreameshd@google.nl
627,Bing,Gunter,bgunterhe@census.gov
628,Phyllis,Bruun,pbruunhf@sakura.ne.jp
629,Mary,Brent,mbrenthg@cargocollective.com
630,Christye,Pidgen,cpidgenhh@ezinearticles.com
631,Duncan,Carefull,dcarefullhi@dailymotion.com
632,Baudoin,Creser,bcreserhj@sun.com
633,Carol-jean,Gammie,cgammiehk@intel.com
634,Davy,Toffts,dtofftshl@cargocollective.com
635,Arv,Missen,amissenhm@ustream.tv
636,Jasper,Verdey,jverdeyhn@senate.gov
637,Brandice,Killick,bkillickho@addtoany.com
638,Guinna,Eede,geedehp@cnet.com
639,Berna,Koubek,bkoubekhq@aol.com
640,Saul,Corder,scorderhr@twitpic.com
641,Ros,Gallienne,rgalliennehs@sourceforge.net
642,Leonardo,Roizin,lroizinht@webs.com
643,Dmitri,Moreno,dmorenohu@miitbeian.gov.cn
644,Penni,Fattore,pfattorehv@blogtalkradio.com
645,Lilas,Cowland,lcowlandhw@exblog.jp
646,Briano,O'Keenan,bokeenanhx@disqus.com
647,Abbe,Darko,adarkohy@fotki.com
648,Marjorie,Hartridge,mhartridgehz@tuttocitta.it
649,Kerrin,Youtead,kyouteadi0@booking.com
650,Sybilla,Dubs,sdubsi1@state.gov
651,Graeme,Paprotny,gpaprotnyi2@google.nl
652,Rab,Phaup,rphaupi3@pinterest.com
653,Ring,Southway,rsouthwayi4@yellowbook.com
654,Janeva,Trosdall,jtrosdalli5@multiply.com
655,Idalina,Killingsworth,ikillingsworthi6@buzzfeed.com
656,Marjy,Woodage,mwoodagei7@creativecommons.org
657,Bernardo,Swiers,bswiersi8@comsenz.com
658,Augusto,Olivi,aolivii9@marketwatch.com
659,Vidovic,Whatmough,vwhatmoughia@sphinn.com
660,Daveta,Haygreen,dhaygreenib@storify.com
661,Forester,Heart,fheartic@geocities.jp
662,Hedvig,Sokale,hsokaleid@mysql.com
663,Erwin,Gittoes,egittoesie@delicious.com
664,Hercule,Abrey,habreyif@lulu.com
665,Friedrich,Godfery,fgodferyig@t-online.de
666,Christabella,Dalgardno,cdalgardnoih@craigslist.org
667,Sheffie,Fiddler,sfiddlerii@posterous.com
668,Ansley,Mallall,amallallij@symantec.com
669,Berke,Epelett,bepelettik@blogger.com
670,Bethina,Bagworth,bbagworthil@goodreads.com
671,Barnabe,Whitloe,bwhitloeim@opera.com
672,Ethelda,MacClure,emacclurein@odnoklassniki.ru
673,Gael,Took,gtookio@cnet.com
674,Fifi,Apfel,fapfelip@fc2.com
675,Larry,Brownfield,lbrownfieldiq@sohu.com
676,Perri,Nicholls,pnichollsir@bbb.org
677,Beau,Jecks,bjecksis@tmall.com
678,Fiorenze,Sibbet,fsibbetit@yale.edu
679,Robinetta,Copin,rcopiniu@state.tx.us
680,Alex,Colling,acollingiv@sogou.com
681,Dolores,Dykas,ddykasiw@npr.org
682,Karlee,Macconaghy,kmacconaghyix@gov.uk
683,Ardith,Arnal,aarnaliy@blogger.com
684,Lawry,Whitlam,lwhitlamiz@mail.ru
685,Brucie,Jado,bjadoj0@phpbb.com
686,Hendrik,Boays,hboaysj1@independent.co.uk
687,Hendrik,Warricker,hwarrickerj2@diigo.com
688,Shirleen,Kamall,skamallj3@blogtalkradio.com
689,Ruperto,Corbishley,rcorbishleyj4@example.com
690,Adora,Radsdale,aradsdalej5@google.co.jp
691,Gunther,Lensch,glenschj6@sohu.com
692,Zenia,Willshear,zwillshearj7@foxnews.com
693,Agnese,Bum,abumj8@constantcontact.com
694,Quent,Bernardoni,qbernardonij9@digg.com
695,Ringo,Gabotti,rgabottija@reuters.com
696,Eberhard,Arno,earnojb@imgur.com
697,Sunny,Bickerdyke,sbickerdykejc@stanford.edu
698,Noni,Cullinane,ncullinanejd@goo.ne.jp
699,Danya,Bener,dbenerje@google.co.uk
700,Allistir,Opdenort,aopdenortjf@twitpic.com
701,Granger,Kinchington,gkinchingtonjg@meetup.com
702,Nilson,Boggish,nboggishjh@amazonaws.com
703,Rufe,Sivills,rsivillsji@vkontakte.ru
704,Wandie,Dumelow,wdumelowjj@redcross.org
705,Ebony,Follos,efollosjk@jiathis.com
706,Molly,Clemenceau,mclemenceaujl@stumbleupon.com
707,Amelia,Cristoforo,acristoforojm@comcast.net
708,Brantley,Aggas,baggasjn@soundcloud.com
709,Alida,Stalman,astalmanjo@pcworld.com
710,Shurlocke,Mackiewicz,smackiewiczjp@marriott.com
711,Gerrie,Scones,gsconesjq@oracle.com
712,Chlo,Lob,clobjr@angelfire.com
713,Gail,Edmunds,gedmundsjs@comsenz.com
714,Cordie,Nowland,cnowlandjt@tmall.com
715,Clyve,Blaase,cblaaseju@abc.net.au
716,Eduardo,Job,ejobjv@hp.com
717,Phoebe,Ruppelin,pruppelinjw@oracle.com
718,Emalia,Spence,espencejx@macromedia.com
719,Sergei,Frammingham,sframminghamjy@cnbc.com
720,Eilis,Barkley,ebarkleyjz@123-reg.co.uk
721,Kahlil,McCorley,kmccorleyk0@japanpost.jp
722,Donovan,Alejandre,dalejandrek1@techcrunch.com
723,Doralyn,Pennazzi,dpennazzik2@hud.gov
724,Ketty,Sifflett,ksifflettk3@ca.gov
725,Dudley,Ridd,driddk4@indiatimes.com
726,Vasily,Crosscombe,vcrosscombek5@altervista.org
727,Karyl,Verlander,kverlanderk6@g.co
728,Wadsworth,Crosthwaite,wcrosthwaitek7@weibo.com
729,Germana,Josling,gjoslingk8@va.gov
730,Alistair,Clemenzi,aclemenzik9@jugem.jp
731,Hobart,Bandt,hbandtka@linkedin.com
732,Bria,Gurnett,bgurnettkb@newyorker.com
733,Mil,Le Cornu,mlecornukc@plala.or.jp
734,Bobine,O'Griffin,bogriffinkd@topsy.com
735,Pierre,Grigoryov,pgrigoryovke@cpanel.net
736,Sheri,Hallyburton,shallyburtonkf@weather.com
737,Basia,Citrine,bcitrinekg@engadget.com
738,Arley,Josselson,ajosselsonkh@howstuffworks.com
739,Kliment,Rohfsen,krohfsenki@biglobe.ne.jp
740,Dex,Harrhy,dharrhykj@instagram.com
741,Shanon,Dunne,sdunnekk@people.com.cn
742,Adelice,Easby,aeasbykl@free.fr
743,Wesley,Portis,wportiskm@nasa.gov
744,Leodora,Sessuns,lsessunskn@hostgator.com
745,Esmeralda,Abriani,eabrianiko@yahoo.co.jp
746,Karlen,Filipowicz,kfilipowiczkp@cmu.edu
747,Bogart,Chasson,bchassonkq@home.pl
748,Benny,Netti,bnettikr@jalbum.net
749,Joli,Cossons,jcossonsks@istockphoto.com
750,Jaime,Treher,jtreherkt@ezinearticles.com
751,Ritchie,Parham,rparhamku@google.it
752,Carin,Heinreich,cheinreichkv@blogspot.com
753,Gaelan,Kennaird,gkennairdkw@timesonline.co.uk
754,Karol,Strongitharm,kstrongitharmkx@imageshack.us
755,Traver,Lowden,tlowdenky@toplist.cz
756,Humphrey,Skeech,hskeechkz@reuters.com
757,Cam,Elstob,celstobl0@hibu.com
758,Stafani,O'Carran,socarranl1@npr.org
759,Lynde,Viveash,lviveashl2@ucla.edu
760,Karilynn,Perrot,kperrotl3@storify.com
761,Rodie,Mannering,rmanneringl4@examiner.com
762,Wilona,Dalgarno,wdalgarnol5@nydailynews.com
763,Orland,Bednell,obednelll6@plala.or.jp
764,Jacinthe,Sugden,jsugdenl7@google.it
765,Tasia,Jumel,tjumell8@icio.us
766,Ora,Oslar,ooslarl9@acquirethisname.com
767,Nerte,Kennady,nkennadyla@wikimedia.org
768,Ynez,Duffyn,yduffynlb@angelfire.com
769,Bari,Lemmers,blemmerslc@seattletimes.com
770,Benson,Digginson,bdigginsonld@so-net.ne.jp
771,Rycca,Loughan,rloughanle@imageshack.us
772,Shandra,Sturgeon,ssturgeonlf@xinhuanet.com
773,Judd,Ianelli,jianellilg@usnews.com
774,Morley,Posten,mpostenlh@ucsd.edu
775,Inge,Legrice,ilegriceli@hubpages.com
776,Caren,Ubsdell,cubsdelllj@163.com
777,Davine,Yakhin,dyakhinlk@archive.org
778,Verla,Esh,veshll@sciencedirect.com
779,Umberto,Ovanesian,uovanesianlm@ocn.ne.jp
780,Rafi,Sertin,rsertinln@oakley.com
781,Ailene,Long,alonglo@bloglines.com
782,Lucius,Quinnelly,lquinnellylp@dailymotion.com
783,Rheba,Corran,rcorranlq@skype.com
784,Rozamond,Newbatt,rnewbattlr@smugmug.com
785,Mahala,Roffe,mroffels@over-blog.com
786,Adolf,Geekin,ageekinlt@constantcontact.com
787,Patricio,Sapshed,psapshedlu@edublogs.org
788,Edmund,Dagnall,edagnalllv@facebook.com
789,Terrel,Brind,tbrindlw@canalblog.com
790,Cherry,Schwant,cschwantlx@privacy.gov.au
791,Mildred,Yeldham,myeldhamly@dmoz.org
792,Louis,Barcke,lbarckelz@baidu.com
793,Linea,Tresler,ltreslerm0@accuweather.com
794,Flint,Jancic,fjancicm1@cam.ac.uk
795,Mariann,Daouse,mdaousem2@hibu.com
796,Mirna,Shorthouse,mshorthousem3@cnet.com
797,Gussie,Cobden,gcobdenm4@about.me
798,Giacopo,Bennington,gbenningtonm5@sciencedaily.com
799,Siward,Monsey,smonseym6@nymag.com
800,Piggy,Gummie,pgummiem7@youtu.be
801,Idette,Fearnley,ifearnleym8@kickstarter.com
802,Vinni,Talman,vtalmanm9@google.pl
803,Delly,Elsie,delsiema@prweb.com
804,Bobbie,Nuccii,bnucciimb@cnn.com
805,Reinhold,McRinn,rmcrinnmc@amazon.com
806,Cello,Dei,cdeimd@hibu.com
807,Leon,Turpie,lturpieme@ca.gov
808,Dulcie,Leaning,dleaningmf@go.com
809,Silva,Quigg,squiggmg@blog.com
810,Gene,Hince,ghincemh@google.pl
811,Ulrike,Philipeau,uphilipeaumi@shutterfly.com
812,Edgar,Ormonde,eormondemj@dropbox.com
813,Yvor,Croydon,ycroydonmk@cdbaby.com
814,Calhoun,Ible,cibleml@google.cn
815,Delmar,Grishelyov,dgrishelyovmm@storify.com
816,Melvyn,Belliard,mbelliardmn@howstuffworks.com
817,Wallace,Luckin,wluckinmo@nydailynews.com
818,Justis,Hardeman,jhardemanmp@netlog.com
819,Dieter,Bellerby,dbellerbymq@yahoo.co.jp
820,Zechariah,Birkinshaw,zbirkinshawmr@census.gov
821,Jan,Jedrzejewicz,jjedrzejewiczms@wikia.com
822,Sabina,Boughton,sboughtonmt@freewebs.com
823,Frederique,Nelthorp,fnelthorpmu@addtoany.com
824,Gradey,Barhims,gbarhimsmv@msu.edu
825,Dud,Dakin,ddakinmw@networksolutions.com
826,Bale,Befroy,bbefroymx@nbcnews.com
827,Sigismondo,Nineham,sninehammy@ezinearticles.com
828,Tabbie,McCarle,tmccarlemz@ezinearticles.com
829,Sheryl,Sumshon,ssumshonn0@ameblo.jp
830,Roosevelt,Alpes,ralpesn1@simplemachines.org
831,Prudy,Wills,pwillsn2@csmonitor.com
832,Elissa,Braunroth,ebraunrothn3@scientificamerican.com
833,Sloan,Bosden,sbosdenn4@unesco.org
834,Somerset,Skillicorn,sskillicornn5@answers.com
835,Wittie,Vauter,wvautern6@rakuten.co.jp
836,Darline,Faussett,dfaussettn7@cdc.gov
837,Esma,Driffill,edriffilln8@nationalgeographic.com
838,Lock,Apark,laparkn9@usatoday.com
839,Hedvig,Fall,hfallna@technorati.com
840,Bryon,Tayloe,btayloenb@nasa.gov
841,Gearard,MacAnespie,gmacanespienc@gizmodo.com
842,Guillemette,Reddlesden,greddlesdennd@ask.com
843,Fleming,Shillaber,fshillaberne@nytimes.com
844,Pippo,Dunstan,pdunstannf@dion.ne.jp
845,Leslie,Weepers,lweepersng@nytimes.com
846,Emmy,Heeran,eheerannh@gizmodo.com
847,Frasco,Bennis,fbennisni@rakuten.co.jp
848,Lonni,Coggins,lcogginsnj@wunderground.com
849,Gwyn,Colbridge,gcolbridgenk@hexun.com
850,Hervey,Dericut,hdericutnl@eepurl.com
851,Jonis,Scade,jscadenm@flavors.me
852,Dunc,Fearnside,dfearnsidenn@indiegogo.com
853,Bennie,Ormerod,bormerodno@sphinn.com
854,Janey,Breakey,jbreakeynp@gravatar.com
855,Lynsey,Burr,lburrnq@simplemachines.org
856,Eugine,Klaves,eklavesnr@businesswire.com
857,Betsy,Palmby,bpalmbyns@163.com
858,Feodor,Haill,fhaillnt@noaa.gov
859,Annadiane,Willoughby,awilloughbynu@prnewswire.com
860,Anatole,Simonassi,asimonassinv@indiegogo.com
861,Carce,Albrecht,calbrechtnw@g.co
862,Florida,Norville,fnorvillenx@oaic.gov.au
863,Lorry,Hawker,lhawkerny@bigcartel.com
864,Darelle,Van Hove,dvanhovenz@bloomberg.com
865,Kaine,Swaile,kswaileo0@epa.gov
866,Addie,Joselovitch,ajoselovitcho1@yale.edu
867,Maryjo,Curbishley,mcurbishleyo2@ucoz.com
868,Johann,Woollcott,jwoollcotto3@sakura.ne.jp
869,Tades,Ratazzi,tratazzio4@skyrock.com
870,Othelia,Caldicott,ocaldicotto5@drupal.org
871,Skipper,Turfs,sturfso6@over-blog.com
872,Quent,Pendleberry,qpendleberryo7@uol.com.br
873,Bancroft,Preble,bprebleo8@boston.com
874,Barret,Loraine,bloraineo9@lulu.com
875,Hollie,Olyonov,holyonovoa@google.co.uk
876,Scarlet,Rival,srivalob@yale.edu
877,Eberto,Brodie,ebrodieoc@nymag.com
878,Meade,Coneybeare,mconeybeareod@wix.com
879,Eirena,Siveter,esiveteroe@opera.com
880,Marsh,Danne,mdanneof@indiegogo.com
881,Jorrie,Beecheno,jbeechenoog@wikipedia.org
882,Robbert,Yielding,ryieldingoh@privacy.gov.au
883,Doti,Saur,dsauroi@reddit.com
884,Brigg,Timny,btimnyoj@sourceforge.net
885,Felice,Calendar,fcalendarok@shareasale.com
886,Kissee,Balbeck,kbalbeckol@cnn.com
887,Clerkclaude,Biggadike,cbiggadikeom@patch.com
888,Anabel,Crowd,acrowdon@noaa.gov
889,Ardisj,Eccleston,aecclestonoo@merriam-webster.com
890,Ichabod,Golden of Ireland,igoldenofirelandop@flavors.me
891,Britt,Messenger,bmessengeroq@wunderground.com
892,Gabriel,Ouchterlony,gouchterlonyor@pbs.org
893,Barrie,Dutson,bdutsonos@liveinternet.ru
894,Claudelle,Carp,ccarpot@auda.org.au
895,Dalton,Rickerby,drickerbyou@addthis.com
896,Sidnee,Asals,sasalsov@drupal.org
897,Cristina,Paddy,cpaddyow@xrea.com
898,Valeda,Lethbridge,vlethbridgeox@deviantart.com
899,Katalin,Baccas,kbaccasoy@ed.gov
900,Greer,Bleacher,gbleacheroz@army.mil
901,Harriot,Roggieri,hroggierip0@tmall.com
902,Chiarra,Hickenbottom,chickenbottomp1@posterous.com
903,Bobbie,Raggles,bragglesp2@soundcloud.com
904,Gerrard,Stalf,gstalfp3@fastcompany.com
905,Irene,Stripling,istriplingp4@furl.net
906,Sterling,Ethington,sethingtonp5@bloglovin.com
907,Fanchon,Hunnaball,fhunnaballp6@instagram.com
908,Anastasie,Somes,asomesp7@tuttocitta.it
909,Daniela,Mathouse,dmathousep8@squidoo.com
910,Tabb,Windrus,twindrusp9@ed.gov
911,Townie,Delacroix,tdelacroixpa@hostgator.com
912,Zuzana,Di Biagi,zdibiagipb@google.com.hk
913,Foss,Grieveson,fgrievesonpc@cnet.com
914,Dorelia,McReynolds,dmcreynoldspd@marriott.com
915,Sim,Wintersgill,swintersgillpe@forbes.com
916,Kevin,Obeney,kobeneypf@washington.edu
917,Cory,Lanegran,clanegranpg@census.gov
918,Elane,Mustin,emustinph@last.fm
919,Riannon,Gotecliffe,rgotecliffepi@parallels.com
920,Thurstan,Signoret,tsignoretpj@drupal.org
921,Court,Di Francecshi,cdifrancecshipk@mashable.com
922,Shirlene,Phillput,sphillputpl@hostgator.com
923,Jasmine,Barnwill,jbarnwillpm@nature.com
924,Rutger,Mantle,rmantlepn@narod.ru
925,Julian,Taylo,jtaylopo@prnewswire.com
926,Andriana,Laugier,alaugierpp@sakura.ne.jp
927,Rutger,Going,rgoingpq@cbsnews.com
928,Shayne,Esby,sesbypr@loc.gov
929,Lorna,Stubbington,lstubbingtonps@google.it
930,Bar,Jezzard,bjezzardpt@ucla.edu
931,Abigail,Lobb,alobbpu@spiegel.de
932,Florence,Browse,fbrowsepv@umich.edu
933,Jedediah,Krollman,jkrollmanpw@a8.net
934,Glynnis,Tomaino,gtomainopx@people.com.cn
935,Krystal,Billes,kbillespy@ucoz.com
936,Shamus,Macci,smaccipz@squidoo.com
937,Wadsworth,Coldbath,wcoldbathq0@stanford.edu
938,Blondy,Minchinton,bminchintonq1@oakley.com
939,Kacy,Garfield,kgarfieldq2@issuu.com
940,Hanson,Abate,habateq3@gnu.org
941,Scotti,Spohrmann,sspohrmannq4@cmu.edu
942,Bary,Hairesnape,bhairesnapeq5@google.com
943,Lucina,Jeenes,ljeenesq6@usgs.gov
944,Elisa,MacGille,emacgilleq7@studiopress.com
945,Kalli,Brazur,kbrazurq8@va.gov
946,Shellysheldon,Cottam,scottamq9@wp.com
947,Krystalle,Lamp,klampqa@mapy.cz
948,Dion,Leversha,dlevershaqb@marriott.com
949,Rawley,Wrightam,rwrightamqc@example.com
950,Dominique,Beavan,dbeavanqd@nhs.uk
951,Theressa,Bosson,tbossonqe@amazon.co.uk
952,Nona,Flockhart,nflockhartqf@thetimes.co.uk
953,Ruddy,Glen,rglenqg@hostgator.com
954,Carola,Tollet,ctolletqh@hexun.com
955,Adelbert,Emloch,aemlochqi@google.com.hk
956,Raleigh,Wattam,rwattamqj@icio.us
957,Verge,O'Daly,vodalyqk@independent.co.uk
958,Eric,Kundt,ekundtql@google.ru
959,Finley,Parkhouse,fparkhouseqm@bbb.org
960,Donavon,Gosse,dgosseqn@newyorker.com
961,Jeanine,Kayser,jkayserqo@simplemachines.org
962,Cristin,Darey,cdareyqp@ft.com
963,Mendie,Czaja,mczajaqq@artisteer.com
964,Eugenia,Izakovitz,eizakovitzqr@elpais.com
965,Jarrad,Simister,jsimisterqs@ask.com
966,Delbert,Lott,dlottqt@toplist.cz
967,Deloria,Carwithan,dcarwithanqu@discovery.com
968,Willey,Bednell,wbednellqv@twitpic.com
969,Estrellita,Sach,esachqw@last.fm
970,Wandis,Danilovich,wdanilovichqx@gnu.org
971,Lynelle,Pritty,lprittyqy@prnewswire.com
972,Kari,McCloid,kmccloidqz@yelp.com
973,Moyra,Levesley,mlevesleyr0@addtoany.com
974,Merna,Blanckley,mblanckleyr1@imdb.com
975,Alexandre,Hurrell,ahurrellr2@networkadvertising.org
976,Evangelin,Gittins,egittinsr3@linkedin.com
977,Niles,Miranda,nmirandar4@google.it
978,Antonetta,Claibourn,aclaibournr5@ameblo.jp
979,Karlan,MacLise,kmacliser6@wix.com
980,Conney,Brasner,cbrasnerr7@guardian.co.uk
981,Gina,Keeler,gkeelerr8@usgs.gov
982,Lianne,Penreth,lpenrethr9@goo.ne.jp
983,Klarrisa,Wasteney,kwasteneyra@parallels.com
984,Cletus,Drains,cdrainsrb@berkeley.edu
985,Fidelia,McLennan,fmclennanrc@oaic.gov.au
986,Reube,Farens,rfarensrd@1688.com
987,Mortie,Hargate,mhargatere@icio.us
988,Lorena,Showl,lshowlrf@hibu.com
989,Philomena,Holdey,pholdeyrg@jugem.jp
990,Karil,Colby,kcolbyrh@delicious.com
991,Damian,Franceschielli,dfranceschielliri@symantec.com
992,Val,Cotilard,vcotilardrj@usnews.com
993,Robinetta,Ruler,rrulerrk@nps.gov
994,Ethelind,Amery,eameryrl@goo.ne.jp
995,Diann,Matschoss,dmatschossrm@sfgate.com
996,Xymenes,Warrack,xwarrackrn@xinhuanet.com
997,Ingunna,Faulder,ifaulderro@guardian.co.uk
998,Alfi,Scoone,ascoonerp@google.com.au
999,Jo-ann,Mussard,jmussardrq@jimdo.com
1000,Jess,Loveredge,jloveredgerr@shop-pro.jp
